Time [s],QS [W],QS_i [W],QS_elec [W],Q_load [W],T_eta [degC],alpha [-],alpha_th [-],eta [-]
0,715.57111,954.09481,280.25665,3.3750002,37.071184,0.75,0.45625912,0.29374088
60.502472,715.57295,954.09727,279.47688,3.3750002,38.256762,0.75,0.45707717,0.29292283
121.00494,715.57479,954.09972,278.7112,3.3750002,39.420906,0.75,0.45788043,0.29211957
181.50742,715.57663,954.10217,277.95936,3.3750002,40.56404,0.75,0.45866919,0.29133081
242.00989,715.57847,954.10462,277.22106,3.3750002,41.686597,0.75,0.45944375,0.29055625
302.51236,715.5974,954.12987,276.51468,3.3750002,42.770691,0.75,0.46019178,0.28980822
363.01483,715.61975,954.15967,275.83244,3.3750002,43.820066,0.75,0.46091585,0.28908415
423.5173,715.6421,954.18947,275.17246,3.3750002,44.835562,0.75,0.46161654,0.28838346
484.01978,715.66445,954.21927,274.59605,3.3750002,45.724073,0.75,0.46222961,0.28777039
544.52225,715.6717,954.22893,274.22582,3.3750002,46.290602,0.75,0.46262052,0.28737948
605.02472,715.67139,954.22851,273.86455,3.3750002,46.83911,0.75,0.46299899,0.28700101
665.52719,715.67107,954.2281,273.51532,3.3750002,47.369346,0.75,0.46336485,0.28663515
726.02966,715.67076,954.22768,273.17783,3.3750002,47.881744,0.75,0.4637184,0.2862816
786.53214,715.65913,954.21218,272.84839,3.3750002,48.375346,0.75,0.46405899,0.28594101
847.03461,715.63618,954.18157,272.53224,3.3750002,48.842259,0.75,0.46438116,0.28561884
907.53708,715.61323,954.15097,272.23415,3.3750002,49.281753,0.75,0.46468441,0.28531559
968.03955,715.59028,954.12037,271.95365,3.3750002,49.694552,0.75,0.46496924,0.28503076
1028.542,715.57418,954.09891,271.69308,3.3750002,50.081065,0.75,0.46523594,0.28476406
1089.0445,715.5718,954.09574,271.45725,3.3750002,50.437933,0.75,0.46548217,0.28451783
1149.547,715.56943,954.09257,271.24124,3.3750002,50.764684,0.75,0.46570763,0.28429237
1210.0494,715.56705,954.0894,271.0445,3.3750002,51.062155,0.75,0.46591289,0.28408711
1270.5519,715.56453,954.08605,270.86643,3.3750002,51.331203,0.75,0.46609853,0.28390147
1331.0544,715.56133,954.08178,270.70521,3.3750002,51.574256,0.75,0.46626624,0.28373376
1391.5569,715.55813,954.07751,270.56006,3.3750002,51.792907,0.75,0.46641711,0.28358289
1452.0593,715.55493,954.07324,270.43052,3.3750002,51.987846,0.75,0.46655161,0.28344839
1512.5618,715.55173,954.06897,270.31614,3.3750002,52.159751,0.75,0.46667023,0.28332977
1573.0643,715.54792,954.0639,270.21494,3.3750002,52.311302,0.75,0.4667748,0.2832252
1633.5667,715.54411,954.05882,270.12542,3.3750002,52.445096,0.75,0.46686712,0.28313288
1694.0692,715.54031,954.05374,270.04727,3.3750002,52.561641,0.75,0.46694753,0.28305247
1754.5717,715.5365,954.04867,269.98014,3.3750002,52.661431,0.75,0.46701639,0.28298361
1815.0742,715.53241,954.04321,269.92258,3.3750002,52.746526,0.75,0.4670751,0.2829249
1875.5766,715.52825,954.03767,269.87245,3.3750002,52.820288,0.75,0.467126,0.282874
1936.0791,715.5241,954.03213,269.82953,3.3750002,52.883115,0.75,0.46716935,0.28283065
1996.5816,715.51995,954.0266,269.79359,3.3750002,52.935327,0.75,0.46720538,0.28279462
2057.084,715.51575,954.021,269.76364,3.3750002,52.978424,0.75,0.46723511,0.28276489
2117.5865,715.51154,954.01538,269.73693,3.3750002,53.016581,0.75,0.46726144,0.28273856
2178.089,715.50732,954.00976,269.71316,3.3750002,53.050277,0.75,0.46728469,0.28271531
2238.5915,715.5031,954.00414,269.69223,3.3750002,53.079659,0.75,0.46730496,0.28269504
2299.0939,715.499,953.99867,269.67359,3.3750002,53.105629,0.75,0.46732288,0.28267712
2359.5964,715.49501,953.99334,269.65421,3.3750002,53.132788,0.75,0.46734162,0.28265838
2420.0989,715.49102,953.98802,269.63357,3.3750002,53.16186,0.75,0.46736168,0.28263832
2480.6013,715.48703,953.9827,269.6117,3.3750002,53.192798,0.75,0.46738303,0.28261697
2541.1038,0,0,0,5.5000002,52.232758,0.75,0.4667206,0.2832794
2601.6063,0,0,0,5.5000002,46.322882,0.75,0.46264279,0.28735721
2662.1088,0,0,0,5.5000002,40.891628,0.75,0.45889522,0.29110478
2722.6112,0,0,0,5.5000002,35.882459,0.75,0.4554389,0.2945611
2783.1137,0,0,0,5.5000002,31.248047,0.75,0.45224115,0.29775885
2843.6162,0,0,0,5.5000002,27.296419,0.75,0.44951453,0.30048547
2904.1187,0,0,0,5.5000002,23.639471,0.75,0.44699124,0.30300876
2964.6211,0,0,0,5.5000002,20.21463,0.75,0.44462809,0.30537191
3025.1236,0,0,0,5.5000002,17.002099,0.75,0.44241145,0.30758855
3085.6261,0,0,0,5.5000002,13.983844,0.75,0.44032885,0.30967115
3146.1285,0,0,0,5.5000002,11.195423,0.75,0.43840484,0.31159516
3206.631,0,0,0,5.5000002,8.8775388,0.75,0.4368055,0.3131945
3267.1335,0,0,0,5.5000002,6.6761732,0.75,0.43528656,0.31471344
3327.636,0,0,0,5.5000002,4.5814299,0.75,0.43384119,0.31615881
3388.1384,0,0,0,5.5000002,2.5933561,0.75,0.43246942,0.31753058
3448.6409,0,0,0,5.5000002,0.69372927,0.75,0.43115867,0.31884133
3509.1434,0,0,0,5.5000002,-1.1225781,0.75,0.42990542,0.32009458
3569.6458,0,0,0,5.5000002,-2.8622567,0.75,0.42870504,0.32129496
3630.1483,0,0,0,5.5000002,-4.5358181,0.75,0.42755029,0.32244971
3690.6508,0,0,0,5.5000002,-5.8269137,0.75,0.42665943,0.32334057
3751.1533,0,0,0,5.5000002,-7.04546,0.75,0.42581863,0.32418137
3811.6557,0,0,0,5.5000002,-8.2312187,0.75,0.42500046,0.32499954
3872.1582,0,0,0,5.5000002,-9.3904477,0.75,0.42420059,0.32579941
3932.6607,0,0,0,5.5000002,-10.525132,0.75,0.42341766,0.32658234
3993.1631,0,0,0,5.5000002,-11.636373,0.75,0.4226509,0.3273491
4053.6656,0,0,0,5.5000002,-12.712883,0.75,0.42190811,0.32809189
4114.1681,0,0,0,5.5000002,-13.771301,0.75,0.4211778,0.3288222
4174.6706,0,0,0,5.5000002,-14.813156,0.75,0.42045892,0.32954108
4235.173,0,0,0,5.5000002,-15.839219,0.75,0.41975094,0.33024906
4295.6755,0,0,0,5.5000002,-16.850201,0.75,0.41905336,0.33094664
4356.178,0,0,0,5.5000002,-17.845611,0.75,0.41836653,0.33163347
4416.6805,0,0,0,5.5000002,-18.825483,0.75,0.41769042,0.33230958
4477.1829,0,0,0,5.5000002,-19.790499,0.75,0.41702456,0.33297544
4537.6854,0,0,0,5.5000002,-20.367219,0.75,0.41662662,0.33337338
4598.1879,0,0,0,5.5000002,-20.92767,0.75,0.41623991,0.33376009
4658.6903,715.48506,953.98009,317.53291,3.3750002,-19.60966,0.75,0.41714933,0.33285067
4719.1928,715.48897,953.9853,314.32989,3.3750002,-14.741063,0.75,0.42050867,0.32949133
4779.6953,715.49288,953.99051,311.47847,3.3750002,-10.406667,0.75,0.4234994,0.3265006
4840.1978,715.49699,953.99599,309.01012,3.3750002,-6.6541188,0.75,0.42608866,0.32391134
4900.7002,715.50114,954.00153,306.65387,3.3750002,-3.0718846,0.75,0.4285604,0.3214396
4961.2027,715.5053,954.00706,304.4077,3.3750002,0.34308279,0.75,0.43091673,0.31908327
5021.7052,715.50945,954.0126,302.26937,3.3750002,3.5941719,0.75,0.43315998,0.31684002
5082.2076,715.51364,954.01819,300.23411,3.3750002,6.6886803,0.75,0.43529519,0.31470481
5142.7101,715.51786,954.02381,298.29187,3.3750002,9.6418679,0.75,0.43733289,0.31266711
5203.2126,715.52208,954.02944,296.5579,3.3750002,12.278633,0.75,0.43915226,0.31084774
5263.7151,715.52629,954.03506,295.02493,3.3750002,14.610019,0.75,0.44076091,0.30923909
5324.2175,715.5304,954.04053,293.55324,3.3750002,16.848229,0.75,0.44230528,0.30769472
5384.72,715.53439,954.04585,292.13559,3.3750002,19.004233,0.75,0.44379292,0.30620708
5445.2225,715.53838,954.05118,290.7697,3.3750002,21.081597,0.75,0.4452263,0.3047737
5505.7249,715.54237,954.0565,289.46166,3.3750002,23.071076,0.75,0.44659904,0.30340096
5566.2274,715.5462,954.0616,288.20142,3.3750002,24.987801,0.75,0.44792158,0.30207842
5626.7299,715.5497,954.06626,286.98337,3.3750002,26.840217,0.75,0.44919975,0.30080025
5687.2324,715.55319,954.07092,285.80515,3.3750002,28.632113,0.75,0.45043616,0.29956384
5747.7348,715.55669,954.07559,284.66559,3.3750002,30.365264,0.75,0.45163203,0.29836797
5808.2373,715.56006,954.08008,283.56339,3.3750002,32.041578,0.75,0.45278869,0.29721131
5868.7398,715.56282,954.08377,282.67368,3.3750002,33.394731,0.75,0.45372236,0.29627764
5929.2422,715.56559,954.08745,281.85508,3.3750002,34.639852,0.75,0.4545815,0.2954185
5989.7447,715.56835,954.09113,281.04945,3.3750002,35.865275,0.75,0.45542704,0.29457296
6050.2471,715.57111,954.09481,280.25658,3.3750002,37.07129,0.75,0.45625919,0.29374081
